{
  "1": [
    [
      109111, 
      2.125895
    ]
  ], 
  "0": [
    [
      109324, 
      2.2811237878787876
    ], 
    [
      104983, 
      2.114214
    ], 
    [
      104754, 
      2.1527286565656567
    ], 
    [
      357080, 
      5.494422
    ], 
    [
      97433, 
      2.288864696969697
    ], 
    [
      97984, 
      2.1066634545454543
    ], 
    [
      97888, 
      2.1453015757575757
    ], 
    [
      115882, 
      1.86426
    ], 
    [
      357076, 
      6.2415979696969695
    ], 
    [
      91807, 
      2.472350393939394
    ], 
    [
      97968, 
      1.9053456464646465
    ], 
    [
      111720, 
      2.086022
    ], 
    [
      90808, 
      2.031379090909091
    ], 
    [
      106435, 
      2.2045033232323235
    ], 
    [
      104951, 
      2.042384101010101
    ], 
    [
      104951, 
      2.158575
    ], 
    [
      97942, 
      2.170645878787879
    ], 
    [
      357076, 
      5.670878
    ], 
    [
      352980, 
      5.825131919191919
    ], 
    [
      74794, 
      2.6913
    ], 
    [
      357076, 
      5.963489363636364
    ], 
    [
      104866, 
      1.663991
    ], 
    [
      100845, 
      1.9962522424242424
    ], 
    [
      75617, 
      2.7524358686868684
    ], 
    [
      93776, 
      2.185904
    ], 
    [
      97968, 
      2.168829777777778
    ], 
    [
      110734, 
      1.885437
    ], 
    [
      109632, 
      2.0802620909090908
    ], 
    [
      106771, 
      2.158771
    ], 
    [
      101529, 
      2.1408475555555557
    ], 
    [
      68806, 
      2.6644995353535355
    ], 
    [
      357076, 
      6.581514484848484
    ], 
    [
      97433, 
      2.390956
    ], 
    [
      90808, 
      2.0581946666666666
    ], 
    [
      93792, 
      2.16885796969697
    ], 
    [
      353188, 
      5.39675193939394
    ], 
    [
      74881, 
      2.6212629191919192
    ], 
    [
      77044, 
      2.0402731515151515
    ], 
    [
      100817, 
      1.9729923333333335
    ], 
    [
      85349, 
      1.974809909090909
    ], 
    [
      357076, 
      6.18456893939394
    ], 
    [
      357076, 
      5.755065
    ], 
    [
      74873, 
      2.7368145757575757
    ], 
    [
      113303, 
      2.333934111111111
    ], 
    [
      82801, 
      2.0014082424242425
    ], 
    [
      93812, 
      2.070177363636364
    ], 
    [
      109111, 
      2.194806
    ], 
    [
      93776, 
      2.1302104545454545
    ], 
    [
      93792, 
      2.0721415353535355
    ], 
    [
      101630, 
      2.0832239494949496
    ], 
    [
      75553, 
      2.533913
    ], 
    [
      357076, 
      6.808620929292929
    ], 
    [
      357076, 
      6.204055
    ], 
    [
      96993, 
      1.8885674242424244
    ], 
    [
      84660, 
      2.085787
    ], 
    [
      109095, 
      2.018646909090909
    ], 
    [
      74942, 
      2.6227929494949493
    ], 
    [
      88901, 
      2.0763406262626263
    ], 
    [
      98155, 
      2.3068016464646464
    ], 
    [
      104999, 
      2.09603596969697
    ], 
    [
      103668, 
      1.956909
    ], 
    [
      109095, 
      1.871075
    ], 
    [
      92151, 
      2.1962802525252525
    ], 
    [
      98128, 
      2.099482111111111
    ], 
    [
      74727, 
      2.6251838080808083
    ], 
    [
      357076, 
      5.89945
    ], 
    [
      126288, 
      2.322303313131313
    ], 
    [
      105098, 
      2.0226657272727273
    ], 
    [
      108111, 
      2.1837425454545456
    ], 
    [
      109079, 
      1.8832623232323231
    ], 
    [
      108834, 
      2.005134
    ], 
    [
      93968, 
      2.0873256363636363
    ], 
    [
      100801, 
      2.2083694444444446
    ], 
    [
      70565, 
      2.541868272727273
    ], 
    [
      104999, 
      2.150729
    ], 
    [
      104794, 
      2.260619
    ], 
    [
      340004, 
      5.882514828282829
    ], 
    [
      97888, 
      2.2830032727272727
    ], 
    [
      106984, 
      2.214020707070707
    ]
  ], 
  "3": [
    [
      112898, 
      1.9811662121212124
    ]
  ], 
  "2": [
    [
      104866, 
      1.663991
    ], 
    [
      68806, 
      2.6644995353535355
    ], 
    [
      77044, 
      2.0402731515151515
    ], 
    [
      85349, 
      1.974809909090909
    ], 
    [
      82801, 
      2.0014082424242425
    ], 
    [
      75553, 
      2.533913
    ], 
    [
      96993, 
      1.8885674242424244
    ], 
    [
      70565, 
      2.541868272727273
    ]
  ]
}
