{
  "1": [
    [
      109111, 
      2.18425, 
      0.0
    ]
  ], 
  "0": [
    [
      104983, 
      2.1366975, 
      0.02248349999999988
    ], 
    [
      104754, 
      2.293926, 
      0.14596699999999996
    ], 
    [
      357080, 
      5.772895, 
      0.12604900000000008
    ], 
    [
      97968, 
      2.015057, 
      0.29355200000000004
    ], 
    [
      90808, 
      2.01587, 
      0.0
    ], 
    [
      97942, 
      2.1910705, 
      0.2888625
    ], 
    [
      74794, 
      2.8068045, 
      0.010733499999999951
    ], 
    [
      104866, 
      1.663991, 
      0.0
    ], 
    [
      100845, 
      2.209308, 
      0.0
    ], 
    [
      357076, 
      5.460946, 
      0.0
    ], 
    [
      97433, 
      2.4368990000000004, 
      0.04594300000000007
    ], 
    [
      74881, 
      2.913662, 
      0.34880900000000015
    ], 
    [
      100817, 
      2.0353115, 
      0.07258350000000002
    ], 
    [
      109111, 
      1.963368, 
      0.1910059999999999
    ], 
    [
      93776, 
      2.296471, 
      0.053471000000000046
    ], 
    [
      357076, 
      6.069413, 
      0.0
    ], 
    [
      96993, 
      1.980761, 
      0.1789639999999999
    ], 
    [
      74942, 
      2.7957894999999997, 
      0.10073850000000006
    ], 
    [
      103668, 
      2.1225315, 
      0.1656225
    ], 
    [
      340004, 
      5.64492, 
      0.12786000000000008
    ]
  ], 
  "2": [
    [
      90808, 
      2.01587, 
      0.0
    ], 
    [
      104866, 
      1.663991, 
      0.0
    ], 
    [
      74881, 
      2.913662, 
      0.34880900000000015
    ], 
    [
      96993, 
      1.980761, 
      0.1789639999999999
    ]
  ]
}
