{
  "1": [
    [
      104866, 
      1.663991, 
      0.0
    ], 
    [
      68806, 
      2.582159, 
      0.053072999999999926
    ], 
    [
      77044, 
      2.104545, 
      0.12476300000000007
    ], 
    [
      85349, 
      2.115165, 
      0.0
    ], 
    [
      82801, 
      2.022101, 
      0.1281429999999999
    ], 
    [
      75553, 
      2.570907, 
      0.03699399999999997
    ], 
    [
      96993, 
      1.980761, 
      0.1789639999999999
    ], 
    [
      70565, 
      2.514296, 
      0.0069669999999999455
    ]
  ], 
  "0": [
    [
      109324, 
      2.169745, 
      0.0
    ], 
    [
      104983, 
      2.1366975, 
      0.02248349999999988
    ], 
    [
      104754, 
      2.293926, 
      0.14596699999999996
    ], 
    [
      357080, 
      5.772895, 
      0.12604900000000008
    ], 
    [
      97433, 
      2.253499, 
      0.0
    ], 
    [
      97984, 
      2.1132835, 
      0.05458950000000007
    ], 
    [
      97888, 
      2.065311, 
      0.0
    ], 
    [
      115882, 
      2.870335, 
      1.006075
    ], 
    [
      357076, 
      6.00748, 
      0.0
    ], 
    [
      91807, 
      2.6123105, 
      0.08382850000000008
    ], 
    [
      97968, 
      2.015057, 
      0.29355200000000004
    ], 
    [
      111720, 
      2.1092005, 
      0.2549635000000001
    ], 
    [
      90808, 
      2.01587, 
      0.0
    ], 
    [
      106435, 
      2.220603, 
      0.18778000000000006
    ], 
    [
      104951, 
      2.127304, 
      0.1012900000000001
    ], 
    [
      104951, 
      2.1967565000000002, 
      0.03818150000000009
    ], 
    [
      97942, 
      2.1910705, 
      0.2888625
    ], 
    [
      357076, 
      5.8268889999999995, 
      0.1560109999999999
    ], 
    [
      352980, 
      5.9742875, 
      0.20797750000000015
    ], 
    [
      74794, 
      2.8068045, 
      0.010733499999999951
    ], 
    [
      357076, 
      5.702083, 
      0.19175200000000014
    ], 
    [
      104866, 
      1.663991, 
      0.0
    ], 
    [
      100845, 
      2.209308, 
      0.0
    ], 
    [
      75617, 
      2.707677, 
      0.0
    ], 
    [
      93776, 
      2.2124474999999997, 
      0.11726149999999991
    ], 
    [
      97968, 
      2.025148, 
      0.0
    ], 
    [
      110734, 
      1.895502, 
      0.0
    ], 
    [
      109632, 
      2.042732, 
      0.051038999999999946
    ], 
    [
      106771, 
      2.206047, 
      0.047275999999999874
    ], 
    [
      101529, 
      2.02914, 
      0.0
    ], 
    [
      68806, 
      2.582159, 
      0.053072999999999926
    ], 
    [
      357076, 
      5.460946, 
      0.0
    ], 
    [
      97433, 
      2.4368990000000004, 
      0.04594300000000007
    ], 
    [
      90808, 
      2.1038195, 
      0.1368745
    ], 
    [
      93792, 
      2.196181, 
      0.0
    ], 
    [
      353188, 
      5.763286, 
      0.16339400000000026
    ], 
    [
      74881, 
      2.913662, 
      0.34880900000000015
    ], 
    [
      77044, 
      2.104545, 
      0.12476300000000007
    ], 
    [
      100817, 
      2.0353115, 
      0.07258350000000002
    ], 
    [
      85349, 
      2.115165, 
      0.0
    ], 
    [
      357076, 
      6.2703454999999995, 
      0.2794304999999997
    ], 
    [
      357076, 
      5.83212, 
      0.0
    ], 
    [
      74873, 
      2.950468, 
      0.346749
    ], 
    [
      113303, 
      2.2465349999999997, 
      0.049051999999999873
    ], 
    [
      82801, 
      2.022101, 
      0.1281429999999999
    ], 
    [
      93812, 
      2.198034, 
      0.11923700000000004
    ], 
    [
      109111, 
      2.011181, 
      0.238819
    ], 
    [
      93776, 
      2.296471, 
      0.053471000000000046
    ], 
    [
      93792, 
      1.984934, 
      0.030886999999999887
    ], 
    [
      101630, 
      2.1038115, 
      0.055154499999999995
    ], 
    [
      75553, 
      2.570907, 
      0.03699399999999997
    ], 
    [
      357076, 
      6.069413, 
      0.0
    ], 
    [
      357076, 
      6.099181, 
      0.15757699999999986
    ], 
    [
      96993, 
      1.980761, 
      0.1789639999999999
    ], 
    [
      84660, 
      2.1005779999999996, 
      0.014790999999999999
    ], 
    [
      109095, 
      2.1279500000000002, 
      0.03104600000000013
    ], 
    [
      74942, 
      2.7957894999999997, 
      0.10073850000000006
    ], 
    [
      88901, 
      2.038266, 
      0.07586300000000012
    ], 
    [
      98155, 
      2.363118, 
      0.17984899999999993
    ], 
    [
      104999, 
      2.1457740000000003, 
      0.12622500000000003
    ], 
    [
      103668, 
      2.1225315, 
      0.1656225
    ], 
    [
      109095, 
      2.592085, 
      0.0
    ], 
    [
      92151, 
      2.045761, 
      0.0
    ], 
    [
      98128, 
      2.2648665, 
      0.18756850000000003
    ], 
    [
      74727, 
      2.511213, 
      0.0
    ], 
    [
      357076, 
      6.1204895, 
      0.22103950000000028
    ], 
    [
      126288, 
      2.5772985, 
      0.01174149999999985
    ], 
    [
      105098, 
      2.0099375, 
      0.0011345000000000383
    ], 
    [
      108111, 
      2.196795, 
      0.05142700000000011
    ], 
    [
      109079, 
      1.856525, 
      0.0
    ], 
    [
      108834, 
      2.047675, 
      0.02759299999999998
    ], 
    [
      93968, 
      2.105489, 
      0.1997970000000001
    ], 
    [
      100801, 
      2.1971545, 
      0.1550054999999999
    ], 
    [
      70565, 
      2.514296, 
      0.0069669999999999455
    ], 
    [
      104999, 
      2.150729, 
      0.0
    ], 
    [
      104794, 
      2.333775, 
      0.026163999999999854
    ], 
    [
      340004, 
      5.64492, 
      0.12786000000000008
    ], 
    [
      97888, 
      2.291175, 
      0.20256300000000005
    ], 
    [
      106984, 
      2.2325025, 
      0.3659395
    ]
  ], 
  "2": [
    [
      109111, 
      2.18425, 
      0.0
    ]
  ]
}
