"##characteristics#current_freq#0#min";"##characteristics#run#execution_time_kernel_0#exp"
1680;0.54595959596
1400;1.33164944444
1680;0.476717171717
744;1.73512121212
1680;0.531545454545
200;17.204339

